hh_id,name,link,sal_min,sal_max,valuta
46626796,Модель,https://spb.hh.ru/vacancy/46626796?from=vacancy_search_list&query=%D0%BC%D0%BE%D0%B4%D0%B5%D0%BB%D1%8C,60000,150000,руб.
47315920,Модель,https://spb.hh.ru/vacancy/47315920?from=vacancy_search_list&query=%D0%BC%D0%BE%D0%B4%D0%B5%D0%BB%D1%8C,30000,30000,руб.
47106212,Модель,https://spb.hh.ru/vacancy/47106212?from=vacancy_search_list&query=%D0%BC%D0%BE%D0%B4%D0%B5%D0%BB%D1%8C,70000,140000,руб.
46637907,Модель,https://spb.hh.ru/vacancy/46637907?from=vacancy_search_list&query=%D0%BC%D0%BE%D0%B4%D0%B5%D0%BB%D1%8C,40000,100000,руб.
47174352,Модель,https://spb.hh.ru/vacancy/47174352?from=vacancy_search_list&query=%D0%BC%D0%BE%D0%B4%D0%B5%D0%BB%D1%8C,45000,65000,руб.
46610791,Модель,https://spb.hh.ru/vacancy/46610791?from=vacancy_search_list&query=%D0%BC%D0%BE%D0%B4%D0%B5%D0%BB%D1%8C,40000,100000,руб.
46687601,Модель (реклама),https://spb.hh.ru/vacancy/46687601?from=vacancy_search_list&query=%D0%BC%D0%BE%D0%B4%D0%B5%D0%BB%D1%8C,100000,110000,руб.
44066280,Модель (реклама),https://spb.hh.ru/vacancy/44066280?from=vacancy_search_list&query=%D0%BC%D0%BE%D0%B4%D0%B5%D0%BB%D1%8C,85000,100000,руб.
47282898,Модель в аниме магазин,https://spb.hh.ru/vacancy/47282898?from=vacancy_search_list&query=%D0%BC%D0%BE%D0%B4%D0%B5%D0%BB%D1%8C,50000,75000,руб.
46881355,Модель,https://spb.hh.ru/vacancy/46881355?from=vacancy_search_list&query=%D0%BC%D0%BE%D0%B4%D0%B5%D0%BB%D1%8C,,,
47182923,Модель в Tik-Tok house (блогер),https://spb.hh.ru/vacancy/47182923?from=vacancy_search_list&query=%D0%BC%D0%BE%D0%B4%D0%B5%D0%BB%D1%8C,,,
46550201,Модель,https://spb.hh.ru/vacancy/46550201?from=vacancy_search_list&query=%D0%BC%D0%BE%D0%B4%D0%B5%D0%BB%D1%8C,40000,50000,руб.
47308868,Фото-модель для коммерческой съемки в Пензе,https://spb.hh.ru/vacancy/47308868?from=vacancy_search_list&query=%D0%BC%D0%BE%D0%B4%D0%B5%D0%BB%D1%8C,,,
46973631,Модель (реклама),https://spb.hh.ru/vacancy/46973631?from=vacancy_search_list&query=%D0%BC%D0%BE%D0%B4%D0%B5%D0%BB%D1%8C,50000,75000,руб.
47098427,Модельный скаут,https://spb.hh.ru/vacancy/47098427?from=vacancy_search_list&query=%D0%BC%D0%BE%D0%B4%D0%B5%D0%BB%D1%8C,70000,90000,руб.
47347138,Модель,https://spb.hh.ru/vacancy/47347138?from=vacancy_search_list&query=%D0%BC%D0%BE%D0%B4%D0%B5%D0%BB%D1%8C,50000,100000,руб.
46204543,Модель Instagram,https://spb.hh.ru/vacancy/46204543?from=vacancy_search_list&query=%D0%BC%D0%BE%D0%B4%D0%B5%D0%BB%D1%8C,30000,70000,руб.
47323765,Модель в Аниме магазин,https://spb.hh.ru/vacancy/47323765?from=vacancy_search_list&query=%D0%BC%D0%BE%D0%B4%D0%B5%D0%BB%D1%8C,50000,70000,руб.
47222036,Пиар-модель,https://spb.hh.ru/vacancy/47222036?from=vacancy_search_list&query=%D0%BC%D0%BE%D0%B4%D0%B5%D0%BB%D1%8C,,,
47264057,Фотомодель,https://spb.hh.ru/vacancy/47264057?from=vacancy_search_list&query=%D0%BC%D0%BE%D0%B4%D0%B5%D0%BB%D1%8C,,,
47149469,Модель/Актер,https://spb.hh.ru/vacancy/47149469?from=vacancy_search_list&query=%D0%BC%D0%BE%D0%B4%D0%B5%D0%BB%D1%8C,,,
47123129,Модель по примерке бренда SELA,https://spb.hh.ru/vacancy/47123129?from=vacancy_search_list&query=%D0%BC%D0%BE%D0%B4%D0%B5%D0%BB%D1%8C,,,
47136175,Модель,https://spb.hh.ru/vacancy/47136175?from=vacancy_search_list&query=%D0%BC%D0%BE%D0%B4%D0%B5%D0%BB%D1%8C,,,
46687443,Модель ювелирных изделий,https://spb.hh.ru/vacancy/46687443?from=vacancy_search_list&query=%D0%BC%D0%BE%D0%B4%D0%B5%D0%BB%D1%8C,,,
47075202,Модель,https://spb.hh.ru/vacancy/47075202?from=vacancy_search_list&query=%D0%BC%D0%BE%D0%B4%D0%B5%D0%BB%D1%8C,70000,100000,руб.
47094583,Фото-модель в Санкт-Петербург,https://spb.hh.ru/vacancy/47094583?from=vacancy_search_list&query=%D0%BC%D0%BE%D0%B4%D0%B5%D0%BB%D1%8C,,,
47109315,Tequila Girl / Tequila Boy (промо-модель),https://spb.hh.ru/vacancy/47109315?from=vacancy_search_list&query=%D0%BC%D0%BE%D0%B4%D0%B5%D0%BB%D1%8C,40000,100000,руб.
46163900,Модель Instagram,https://spb.hh.ru/vacancy/46163900?from=vacancy_search_list&query=%D0%BC%D0%BE%D0%B4%D0%B5%D0%BB%D1%8C,,,
47090622,Модель,https://spb.hh.ru/vacancy/47090622?from=vacancy_search_list&query=%D0%BC%D0%BE%D0%B4%D0%B5%D0%BB%D1%8C,35000,65000,руб.
47097675,Модель прямых эфиров,https://spb.hh.ru/vacancy/47097675?from=vacancy_search_list&query=%D0%BC%D0%BE%D0%B4%D0%B5%D0%BB%D1%8C,,,
46973945,Модель Для Рекламы Табачной Продукции,https://spb.hh.ru/vacancy/46973945?from=vacancy_search_list&query=%D0%BC%D0%BE%D0%B4%D0%B5%D0%BB%D1%8C,50000,65000,руб.
46980771,Администратор / Менеджер по поиску моделей,https://spb.hh.ru/vacancy/46980771?from=vacancy_search_list&query=%D0%BC%D0%BE%D0%B4%D0%B5%D0%BB%D1%8C,,,
46234684,Модель,https://spb.hh.ru/vacancy/46234684?from=vacancy_search_list&query=%D0%BC%D0%BE%D0%B4%D0%B5%D0%BB%D1%8C,50000,50000,руб.
47060603,Модель,https://spb.hh.ru/vacancy/47060603?from=vacancy_search_list&query=%D0%BC%D0%BE%D0%B4%D0%B5%D0%BB%D1%8C,,,
47003419,Модель,https://spb.hh.ru/vacancy/47003419?from=vacancy_search_list&query=%D0%BC%D0%BE%D0%B4%D0%B5%D0%BB%D1%8C,,,
46976462,Модель/фотомодель,https://spb.hh.ru/vacancy/46976462?from=vacancy_search_list&query=%D0%BC%D0%BE%D0%B4%D0%B5%D0%BB%D1%8C,,,
47293341,Дизайнер-модельер,https://spb.hh.ru/vacancy/47293341?from=vacancy_search_list&query=%D0%BC%D0%BE%D0%B4%D0%B5%D0%BB%D1%8C,,,
46988728,Модель,https://spb.hh.ru/vacancy/46988728?from=vacancy_search_list&query=%D0%BC%D0%BE%D0%B4%D0%B5%D0%BB%D1%8C,60000,140000,руб.
46993505,Модель / Блогер-модель,https://spb.hh.ru/vacancy/46993505?from=vacancy_search_list&query=%D0%BC%D0%BE%D0%B4%D0%B5%D0%BB%D1%8C,45000,75000,руб.
46955514,Модель,https://spb.hh.ru/vacancy/46955514?from=vacancy_search_list&query=%D0%BC%D0%BE%D0%B4%D0%B5%D0%BB%D1%8C,25000,90000,руб.
46615842,Модель на примерку женской одежды,https://spb.hh.ru/vacancy/46615842?from=vacancy_search_list&query=%D0%BC%D0%BE%D0%B4%D0%B5%D0%BB%D1%8C,,,
46687525,Модель Plus Size,https://spb.hh.ru/vacancy/46687525?from=vacancy_search_list&query=%D0%BC%D0%BE%D0%B4%D0%B5%D0%BB%D1%8C,30000,90000,руб.
46560213,Модель для коммерческой съёмки,https://spb.hh.ru/vacancy/46560213?from=vacancy_search_list&query=%D0%BC%D0%BE%D0%B4%D0%B5%D0%BB%D1%8C,30000,50000,руб.
46588280,Модель по примерке Love Republic,https://spb.hh.ru/vacancy/46588280?from=vacancy_search_list&query=%D0%BC%D0%BE%D0%B4%D0%B5%D0%BB%D1%8C,,,
42325477,Модель/Ведущий TikTok,https://spb.hh.ru/vacancy/42325477?from=vacancy_search_list&query=%D0%BC%D0%BE%D0%B4%D0%B5%D0%BB%D1%8C,,,
46855122,Фотограф,https://spb.hh.ru/vacancy/46855122?from=vacancy_search_list&query=%D0%BC%D0%BE%D0%B4%D0%B5%D0%BB%D1%8C,,,
46770927,Модель-промоутер,https://spb.hh.ru/vacancy/46770927?from=vacancy_search_list&query=%D0%BC%D0%BE%D0%B4%D0%B5%D0%BB%D1%8C,,,
46528743,Модель по примерке мужской одежды,https://spb.hh.ru/vacancy/46528743?from=vacancy_search_list&query=%D0%BC%D0%BE%D0%B4%D0%B5%D0%BB%D1%8C,,,
45824573,Модель,https://spb.hh.ru/vacancy/45824573?from=vacancy_search_list&query=%D0%BC%D0%BE%D0%B4%D0%B5%D0%BB%D1%8C,,,
46563610,Модель,https://spb.hh.ru/vacancy/46563610?from=vacancy_search_list&query=%D0%BC%D0%BE%D0%B4%D0%B5%D0%BB%D1%8C,,,
45781494,Модель,https://spb.hh.ru/vacancy/45781494?from=vacancy_search_list&query=%D0%BC%D0%BE%D0%B4%D0%B5%D0%BB%D1%8C,,,
46687775,Модель с вальгусной деформацией стопы,https://spb.hh.ru/vacancy/46687775?from=vacancy_search_list&query=%D0%BC%D0%BE%D0%B4%D0%B5%D0%BB%D1%8C,,,
46630303,Дизайнер модельер,https://spb.hh.ru/vacancy/46630303?from=vacancy_search_list&query=%D0%BC%D0%BE%D0%B4%D0%B5%D0%BB%D1%8C,,,
46718370,Модельер одежды | Дизайнер одежды,https://spb.hh.ru/vacancy/46718370?from=vacancy_search_list&query=%D0%BC%D0%BE%D0%B4%D0%B5%D0%BB%D1%8C,,,
46531795,Промоутер-Модель,https://spb.hh.ru/vacancy/46531795?from=vacancy_search_list&query=%D0%BC%D0%BE%D0%B4%D0%B5%D0%BB%D1%8C,60000,90000,руб.
47192550,Модель для фотосъёмки,https://spb.hh.ru/vacancy/47192550?from=vacancy_search_list&query=%D0%BC%D0%BE%D0%B4%D0%B5%D0%BB%D1%8C,,,
47333689,Модельер-конструктор одежды,https://spb.hh.ru/vacancy/47333689?from=vacancy_search_list&query=%D0%BC%D0%BE%D0%B4%D0%B5%D0%BB%D1%8C,,,
46635644,Модельер-конструктор одежды,https://spb.hh.ru/vacancy/46635644?from=vacancy_search_list&query=%D0%BC%D0%BE%D0%B4%D0%B5%D0%BB%D1%8C,,,
47289445,Продавец-консультант в магазин женской одежды,https://spb.hh.ru/vacancy/47289445?from=vacancy_search_list&query=%D0%BC%D0%BE%D0%B4%D0%B5%D0%BB%D1%8C,120000,180000,KZT
46546746,"Сборщик искусственных цветов, букетов, венков и корзин",https://spb.hh.ru/vacancy/46546746?from=vacancy_search_list&query=%D0%BC%D0%BE%D0%B4%D0%B5%D0%BB%D1%8C,500,900,бел. руб.
47314977,PHP-программист (Laravel),https://spb.hh.ru/vacancy/47314977?from=vacancy_search_list&query=%D0%BC%D0%BE%D0%B4%D0%B5%D0%BB%D1%8C,400000,600000,KZT
46977845,Data Engineer(Hr платформа),https://spb.hh.ru/vacancy/46977845?from=vacancy_search_list&query=%D0%BC%D0%BE%D0%B4%D0%B5%D0%BB%D1%8C,,,
47085259,Java разработчик,https://spb.hh.ru/vacancy/47085259?from=vacancy_search_list&query=%D0%BC%D0%BE%D0%B4%D0%B5%D0%BB%D1%8C,,,
47084486,Java Разработчик,https://spb.hh.ru/vacancy/47084486?from=vacancy_search_list&query=%D0%BC%D0%BE%D0%B4%D0%B5%D0%BB%D1%8C,,,
45575935,Product Director / Директор по продукту,https://spb.hh.ru/vacancy/45575935?from=vacancy_search_list&query=%D0%BC%D0%BE%D0%B4%D0%B5%D0%BB%D1%8C,,,
47012291,DevOps Инженер,https://spb.hh.ru/vacancy/47012291?from=vacancy_search_list&query=%D0%BC%D0%BE%D0%B4%D0%B5%D0%BB%D1%8C,,,
47084100,Data Engineer,https://spb.hh.ru/vacancy/47084100?from=vacancy_search_list&query=%D0%BC%D0%BE%D0%B4%D0%B5%D0%BB%D1%8C,,,
47090906,Junior Java Разработчик,https://spb.hh.ru/vacancy/47090906?from=vacancy_search_list&query=%D0%BC%D0%BE%D0%B4%D0%B5%D0%BB%D1%8C,,,
47331305,IOS developer,https://spb.hh.ru/vacancy/47331305?from=vacancy_search_list&query=%D0%BC%D0%BE%D0%B4%D0%B5%D0%BB%D1%8C,,,
46338638,Backend-разработчик C# / Sql,https://spb.hh.ru/vacancy/46338638?from=vacancy_search_list&query=%D0%BC%D0%BE%D0%B4%D0%B5%D0%BB%D1%8C,,,
44154541,Full Stack Developer (Go/Vue),https://spb.hh.ru/vacancy/44154541?from=vacancy_search_list&query=%D0%BC%D0%BE%D0%B4%D0%B5%D0%BB%D1%8C,,,
47229195,.Net Developer,https://spb.hh.ru/vacancy/47229195?from=vacancy_search_list&query=%D0%BC%D0%BE%D0%B4%D0%B5%D0%BB%D1%8C,,,
46408102,"Водитель экспедитор категории В, ВС",https://spb.hh.ru/vacancy/46408102?from=vacancy_search_list&query=%D0%BC%D0%BE%D0%B4%D0%B5%D0%BB%D1%8C,75000,150000,руб.
47242433,Ассистент стоматолога,https://spb.hh.ru/vacancy/47242433?from=vacancy_search_list&query=%D0%BC%D0%BE%D0%B4%D0%B5%D0%BB%D1%8C,120000,150000,KZT
47253881,Агроном - управляющий / младший партнер в агробизнесе,https://spb.hh.ru/vacancy/47253881?from=vacancy_search_list&query=%D0%BC%D0%BE%D0%B4%D0%B5%D0%BB%D1%8C,,,
47248835,Оператор по работе с входящими звонками,https://spb.hh.ru/vacancy/47248835?from=vacancy_search_list&query=%D0%BC%D0%BE%D0%B4%D0%B5%D0%BB%D1%8C,,,
47255054,Инженер (ведущий инженер)-сметчик,https://spb.hh.ru/vacancy/47255054?from=vacancy_search_list&query=%D0%BC%D0%BE%D0%B4%D0%B5%D0%BB%D1%8C,80000,120000,руб.
47253882,Агроном - управляющий агропредприятием,https://spb.hh.ru/vacancy/47253882?from=vacancy_search_list&query=%D0%BC%D0%BE%D0%B4%D0%B5%D0%BB%D1%8C,,,
47245670,Руководитель товарного склада,https://spb.hh.ru/vacancy/47245670?from=vacancy_search_list&query=%D0%BC%D0%BE%D0%B4%D0%B5%D0%BB%D1%8C,,,
47246828,Руководитель отдела оценки и судебных экономических экспертиз,https://spb.hh.ru/vacancy/47246828?from=vacancy_search_list&query=%D0%BC%D0%BE%D0%B4%D0%B5%D0%BB%D1%8C,,,
47163426,DevOps Enginner,https://spb.hh.ru/vacancy/47163426?from=vacancy_search_list&query=%D0%BC%D0%BE%D0%B4%D0%B5%D0%BB%D1%8C,,,
47156945,Инженер-проектировщик,https://spb.hh.ru/vacancy/47156945?from=vacancy_search_list&query=%D0%BC%D0%BE%D0%B4%D0%B5%D0%BB%D1%8C,60000,100000,руб.
47159731,Инженер по качеству данных,https://spb.hh.ru/vacancy/47159731?from=vacancy_search_list&query=%D0%BC%D0%BE%D0%B4%D0%B5%D0%BB%D1%8C,,,
46222999,Back-end Developer (Node/Java/Python),https://spb.hh.ru/vacancy/46222999?from=vacancy_search_list&query=%D0%BC%D0%BE%D0%B4%D0%B5%D0%BB%D1%8C,,,
47169817,Golang Developer,https://spb.hh.ru/vacancy/47169817?from=vacancy_search_list&query=%D0%BC%D0%BE%D0%B4%D0%B5%D0%BB%D1%8C,300000,330000,руб.
47165755,Golang developer,https://spb.hh.ru/vacancy/47165755?from=vacancy_search_list&query=%D0%BC%D0%BE%D0%B4%D0%B5%D0%BB%D1%8C,250000,300000,руб.
46223239,Java-разработчик,https://spb.hh.ru/vacancy/46223239?from=vacancy_search_list&query=%D0%BC%D0%BE%D0%B4%D0%B5%D0%BB%D1%8C,,,
46222472,Front-end Developer (Vue.js),https://spb.hh.ru/vacancy/46222472?from=vacancy_search_list&query=%D0%BC%D0%BE%D0%B4%D0%B5%D0%BB%D1%8C,,,
47264949,Модель в шоу-рум,https://spb.hh.ru/vacancy/47264949?from=vacancy_search_list&query=%D0%BC%D0%BE%D0%B4%D0%B5%D0%BB%D1%8C,,,
47083118,Модель на выставку обуви,https://spb.hh.ru/vacancy/47083118?from=vacancy_search_list&query=%D0%BC%D0%BE%D0%B4%D0%B5%D0%BB%D1%8C,,,
46778500,Букер Модельного Агентства,https://spb.hh.ru/vacancy/46778500?from=vacancy_search_list&query=%D0%BC%D0%BE%D0%B4%D0%B5%D0%BB%D1%8C,50000,100000,руб.
47196260,Модельный скаут,https://spb.hh.ru/vacancy/47196260?from=vacancy_search_list&query=%D0%BC%D0%BE%D0%B4%D0%B5%D0%BB%D1%8C,,,
47173218,Фотомодель,https://spb.hh.ru/vacancy/47173218?from=vacancy_search_list&query=%D0%BC%D0%BE%D0%B4%D0%B5%D0%BB%D1%8C,300000,1000000,KZT
47146371,Модель,https://spb.hh.ru/vacancy/47146371?from=vacancy_search_list&query=%D0%BC%D0%BE%D0%B4%D0%B5%D0%BB%D1%8C,,,
45944282,Модель,https://spb.hh.ru/vacancy/45944282?from=vacancy_search_list&query=%D0%BC%D0%BE%D0%B4%D0%B5%D0%BB%D1%8C,,,
46762030,Модель для примерки изделий,https://spb.hh.ru/vacancy/46762030?from=vacancy_search_list&query=%D0%BC%D0%BE%D0%B4%D0%B5%D0%BB%D1%8C,,,
46596688,Модель в агентство JQ models management,https://spb.hh.ru/vacancy/46596688?from=vacancy_search_list&query=%D0%BC%D0%BE%D0%B4%D0%B5%D0%BB%D1%8C,,,
46869957,Модель,https://spb.hh.ru/vacancy/46869957?from=vacancy_search_list&query=%D0%BC%D0%BE%D0%B4%D0%B5%D0%BB%D1%8C,40000,70000,руб.
47293340,Дизайнер-модельер,https://spb.hh.ru/vacancy/47293340?from=vacancy_search_list&query=%D0%BC%D0%BE%D0%B4%D0%B5%D0%BB%D1%8C,,,
47297487,Дизайнер одежды (Дизайнер костюма),https://spb.hh.ru/vacancy/47297487?from=vacancy_search_list&query=%D0%BC%D0%BE%D0%B4%D0%B5%D0%BB%D1%8C,,,
46672643,Продавец-стилист в мужской бутик одежды (luxury),https://spb.hh.ru/vacancy/46672643?from=vacancy_search_list&query=%D0%BC%D0%BE%D0%B4%D0%B5%D0%BB%D1%8C,20000,50000,грн.
46672644,Продавец-стилист в мужской бутик одежды (luxury),https://spb.hh.ru/vacancy/46672644?from=vacancy_search_list&query=%D0%BC%D0%BE%D0%B4%D0%B5%D0%BB%D1%8C,20000,50000,грн.
46672645,Продавец-стилист в мужской бутик одежды (luxury),https://spb.hh.ru/vacancy/46672645?from=vacancy_search_list&query=%D0%BC%D0%BE%D0%B4%D0%B5%D0%BB%D1%8C,20000,50000,грн.
46672647,Продавец-стилист в мужской бутик одежды (luxury),https://spb.hh.ru/vacancy/46672647?from=vacancy_search_list&query=%D0%BC%D0%BE%D0%B4%D0%B5%D0%BB%D1%8C,20000,50000,грн.
46672654,Продавец-стилист в мужской бутик одежды (luxury),https://spb.hh.ru/vacancy/46672654?from=vacancy_search_list&query=%D0%BC%D0%BE%D0%B4%D0%B5%D0%BB%D1%8C,20000,50000,грн.
46672656,Продавец-стилист в мужской бутик одежды (luxury),https://spb.hh.ru/vacancy/46672656?from=vacancy_search_list&query=%D0%BC%D0%BE%D0%B4%D0%B5%D0%BB%D1%8C,20000,50000,грн.
46672659,Продавец-стилист в мужской бутик одежды (luxury),https://spb.hh.ru/vacancy/46672659?from=vacancy_search_list&query=%D0%BC%D0%BE%D0%B4%D0%B5%D0%BB%D1%8C,20000,50000,грн.
46672672,Продавец-стилист в мужской бутик одежды (luxury),https://spb.hh.ru/vacancy/46672672?from=vacancy_search_list&query=%D0%BC%D0%BE%D0%B4%D0%B5%D0%BB%D1%8C,20000,50000,грн.
46672677,Продавец-стилист в мужской бутик одежды (luxury),https://spb.hh.ru/vacancy/46672677?from=vacancy_search_list&query=%D0%BC%D0%BE%D0%B4%D0%B5%D0%BB%D1%8C,20000,50000,грн.
46672683,Продавец-стилист в мужской бутик одежды (luxury),https://spb.hh.ru/vacancy/46672683?from=vacancy_search_list&query=%D0%BC%D0%BE%D0%B4%D0%B5%D0%BB%D1%8C,20000,50000,грн.
46672687,Продавец-стилист в мужской бутик одежды (luxury),https://spb.hh.ru/vacancy/46672687?from=vacancy_search_list&query=%D0%BC%D0%BE%D0%B4%D0%B5%D0%BB%D1%8C,20000,50000,грн.
46672693,Продавец-стилист в мужской бутик одежды (luxury),https://spb.hh.ru/vacancy/46672693?from=vacancy_search_list&query=%D0%BC%D0%BE%D0%B4%D0%B5%D0%BB%D1%8C,20000,50000,грн.
46672704,Продавец-стилист в мужской бутик одежды (luxury),https://spb.hh.ru/vacancy/46672704?from=vacancy_search_list&query=%D0%BC%D0%BE%D0%B4%D0%B5%D0%BB%D1%8C,20000,50000,грн.
46672710,Продавец-стилист в мужской бутик одежды (luxury),https://spb.hh.ru/vacancy/46672710?from=vacancy_search_list&query=%D0%BC%D0%BE%D0%B4%D0%B5%D0%BB%D1%8C,20000,50000,грн.
46672715,Продавец-стилист в мужской бутик одежды (luxury),https://spb.hh.ru/vacancy/46672715?from=vacancy_search_list&query=%D0%BC%D0%BE%D0%B4%D0%B5%D0%BB%D1%8C,20000,50000,грн.
46672722,Продавец-стилист в мужской бутик одежды (luxury),https://spb.hh.ru/vacancy/46672722?from=vacancy_search_list&query=%D0%BC%D0%BE%D0%B4%D0%B5%D0%BB%D1%8C,20000,50000,грн.
46672725,Продавец-стилист в мужской бутик одежды (luxury),https://spb.hh.ru/vacancy/46672725?from=vacancy_search_list&query=%D0%BC%D0%BE%D0%B4%D0%B5%D0%BB%D1%8C,20000,50000,грн.
46672741,Продавец-стилист в мужской бутик одежды (luxury),https://spb.hh.ru/vacancy/46672741?from=vacancy_search_list&query=%D0%BC%D0%BE%D0%B4%D0%B5%D0%BB%D1%8C,20000,50000,грн.
46832953,Хостес (party-gerl),https://spb.hh.ru/vacancy/46832953?from=vacancy_search_list&query=%D0%BC%D0%BE%D0%B4%D0%B5%D0%BB%D1%8C,,,
47117841,Продавец-консультант магазина свадебных платьев,https://spb.hh.ru/vacancy/47117841?from=vacancy_search_list&query=%D0%BC%D0%BE%D0%B4%D0%B5%D0%BB%D1%8C,35000,50000,руб.
47218306,Продавец-консультант/Стилист-консультант,https://spb.hh.ru/vacancy/47218306?from=vacancy_search_list&query=%D0%BC%D0%BE%D0%B4%D0%B5%D0%BB%D1%8C,,,
40827217,Специалист по размещению объявлений (фотограф),https://spb.hh.ru/vacancy/40827217?from=vacancy_search_list&query=%D0%BC%D0%BE%D0%B4%D0%B5%D0%BB%D1%8C,,,
47285372,Модельщик выплавляемых моделей,https://spb.hh.ru/vacancy/47285372?from=vacancy_search_list&query=%D0%BC%D0%BE%D0%B4%D0%B5%D0%BB%D1%8C,18100,27000,руб.
47307721,Начинающий специалист (удаленно),https://spb.hh.ru/vacancy/47307721?from=vacancy_search_list&query=%D0%BC%D0%BE%D0%B4%D0%B5%D0%BB%D1%8C,,,
46584191,Продавец-консультант в свадебный салон,https://spb.hh.ru/vacancy/46584191?from=vacancy_search_list&query=%D0%BC%D0%BE%D0%B4%D0%B5%D0%BB%D1%8C,50000,70000,руб.
46166525,Продавец-консультант в магазин детской обуви Котофей (ТЦ Галерея),https://spb.hh.ru/vacancy/46166525?from=vacancy_search_list&query=%D0%BC%D0%BE%D0%B4%D0%B5%D0%BB%D1%8C,,,
47035825,Дизайнер одежды,https://spb.hh.ru/vacancy/47035825?from=vacancy_search_list&query=%D0%BC%D0%BE%D0%B4%D0%B5%D0%BB%D1%8C,,,
47243924,Продавец-консультант в магазин одежды премиум класса,https://spb.hh.ru/vacancy/47243924?from=vacancy_search_list&query=%D0%BC%D0%BE%D0%B4%D0%B5%D0%BB%D1%8C,30000,50000,руб.
46896721,Конструктор женской одежды,https://spb.hh.ru/vacancy/46896721?from=vacancy_search_list&query=%D0%BC%D0%BE%D0%B4%D0%B5%D0%BB%D1%8C,,,
47306394,Администратор студии красоты,https://spb.hh.ru/vacancy/47306394?from=vacancy_search_list&query=%D0%BC%D0%BE%D0%B4%D0%B5%D0%BB%D1%8C,30000,40000,руб.
46652717,"Продавец-консультант в бутик Italian sunrise (р-он ТЦ ""Галерея"")",https://spb.hh.ru/vacancy/46652717?from=vacancy_search_list&query=%D0%BC%D0%BE%D0%B4%D0%B5%D0%BB%D1%8C,40000,70000,руб.
47327808,Дизайнер женской одежды,https://spb.hh.ru/vacancy/47327808?from=vacancy_search_list&query=%D0%BC%D0%BE%D0%B4%D0%B5%D0%BB%D1%8C,80000,90000,руб.
47252765,Модернист,https://spb.hh.ru/vacancy/47252765?from=vacancy_search_list&query=%D0%BC%D0%BE%D0%B4%D0%B5%D0%BB%D1%8C,30000,80000,руб.
46872518,Продавец-консультант в бутик женской одежды,https://spb.hh.ru/vacancy/46872518?from=vacancy_search_list&query=%D0%BC%D0%BE%D0%B4%D0%B5%D0%BB%D1%8C,26000,42000,руб.
46619369,Администратор в школу маникюра,https://spb.hh.ru/vacancy/46619369?from=vacancy_search_list&query=%D0%BC%D0%BE%D0%B4%D0%B5%D0%BB%D1%8C,50000,50000,руб.
47263003,Администратор салона красоты,https://spb.hh.ru/vacancy/47263003?from=vacancy_search_list&query=%D0%BC%D0%BE%D0%B4%D0%B5%D0%BB%D1%8C,45000,60000,руб.
47315775,Ретушер,https://spb.hh.ru/vacancy/47315775?from=vacancy_search_list&query=%D0%BC%D0%BE%D0%B4%D0%B5%D0%BB%D1%8C,25000,50000,руб.
46970758,Администратор-кассир детской игровой площадки LEGO Город,https://spb.hh.ru/vacancy/46970758?from=vacancy_search_list&query=%D0%BC%D0%BE%D0%B4%D0%B5%D0%BB%D1%8C,,,
38700487,Дизайнер одежды,https://spb.hh.ru/vacancy/38700487?from=vacancy_search_list&query=%D0%BC%D0%BE%D0%B4%D0%B5%D0%BB%D1%8C,,,
46906983,Дизайнер женской одежды в бренд SELFMADE,https://spb.hh.ru/vacancy/46906983?from=vacancy_search_list&query=%D0%BC%D0%BE%D0%B4%D0%B5%D0%BB%D1%8C,,,
46760916,Бизнес ассистент руководителя,https://spb.hh.ru/vacancy/46760916?from=vacancy_search_list&query=%D0%BC%D0%BE%D0%B4%D0%B5%D0%BB%D1%8C,30000,50000,руб.
47291866,Промоутер,https://spb.hh.ru/vacancy/47291866?from=vacancy_search_list&query=%D0%BC%D0%BE%D0%B4%D0%B5%D0%BB%D1%8C,,,
47277255,Контент продюсер,https://spb.hh.ru/vacancy/47277255?from=vacancy_search_list&query=%D0%BC%D0%BE%D0%B4%D0%B5%D0%BB%D1%8C,,,
47178540,Контент-менеджер в Мебель на заказ,https://spb.hh.ru/vacancy/47178540?from=vacancy_search_list&query=%D0%BC%D0%BE%D0%B4%D0%B5%D0%BB%D1%8C,25000,40000,руб.
47140428,Продавец-консультант в магазин детской обуви Котофей в ТЦ Золотой Вавилон,https://spb.hh.ru/vacancy/47140428?from=vacancy_search_list&query=%D0%BC%D0%BE%D0%B4%D0%B5%D0%BB%D1%8C,,,
46752359,Менеджер интернет-магазина верхней женской одежды (Москва),https://spb.hh.ru/vacancy/46752359?from=vacancy_search_list&query=%D0%BC%D0%BE%D0%B4%D0%B5%D0%BB%D1%8C,50000,90000,руб.
44847830,Дизайнер (одежда),https://spb.hh.ru/vacancy/44847830?from=vacancy_search_list&query=%D0%BC%D0%BE%D0%B4%D0%B5%D0%BB%D1%8C,,,
47305660,SMM-менеджер,https://spb.hh.ru/vacancy/47305660?from=vacancy_search_list&query=%D0%BC%D0%BE%D0%B4%D0%B5%D0%BB%D1%8C,,,
47291858,Промоутер,https://spb.hh.ru/vacancy/47291858?from=vacancy_search_list&query=%D0%BC%D0%BE%D0%B4%D0%B5%D0%BB%D1%8C,,,
41014304,Напайщик восковых моделей,https://spb.hh.ru/vacancy/41014304?from=vacancy_search_list&query=%D0%BC%D0%BE%D0%B4%D0%B5%D0%BB%D1%8C,,,
46620219,Администратор салона красоты,https://spb.hh.ru/vacancy/46620219?from=vacancy_search_list&query=%D0%BC%D0%BE%D0%B4%D0%B5%D0%BB%D1%8C,40000,50000,руб.
47291852,Промоутер,https://spb.hh.ru/vacancy/47291852?from=vacancy_search_list&query=%D0%BC%D0%BE%D0%B4%D0%B5%D0%BB%D1%8C,,,
47247471,Управляющий в бутик женской одежды (ул.Рубинштейна),https://spb.hh.ru/vacancy/47247471?from=vacancy_search_list&query=%D0%BC%D0%BE%D0%B4%D0%B5%D0%BB%D1%8C,,,
47258377,Администратор салона красоты,https://spb.hh.ru/vacancy/47258377?from=vacancy_search_list&query=%D0%BC%D0%BE%D0%B4%D0%B5%D0%BB%D1%8C,25000,30000,руб.
46517058,Дизайнер одежды (для новорожденных),https://spb.hh.ru/vacancy/46517058?from=vacancy_search_list&query=%D0%BC%D0%BE%D0%B4%D0%B5%D0%BB%D1%8C,,,
44980516,Дизайнер одежды (Калуга),https://spb.hh.ru/vacancy/44980516?from=vacancy_search_list&query=%D0%BC%D0%BE%D0%B4%D0%B5%D0%BB%D1%8C,,,
47285420,Модельер-дизайнер,https://spb.hh.ru/vacancy/47285420?from=vacancy_search_list&query=%D0%BC%D0%BE%D0%B4%D0%B5%D0%BB%D1%8C,,,
46605183,Портной в ателье женской одежды,https://spb.hh.ru/vacancy/46605183?from=vacancy_search_list&query=%D0%BC%D0%BE%D0%B4%D0%B5%D0%BB%D1%8C,55000,70000,руб.
46922385,Менеджер ювелирного бренда,https://spb.hh.ru/vacancy/46922385?from=vacancy_search_list&query=%D0%BC%D0%BE%D0%B4%D0%B5%D0%BB%D1%8C,38000,46000,руб.
47291861,Промоутер,https://spb.hh.ru/vacancy/47291861?from=vacancy_search_list&query=%D0%BC%D0%BE%D0%B4%D0%B5%D0%BB%D1%8C,,,
47048326,Продавец-консультант в магазин женской одежды в ТЦ МЕГА Белая Дача,https://spb.hh.ru/vacancy/47048326?from=vacancy_search_list&query=%D0%BC%D0%BE%D0%B4%D0%B5%D0%BB%D1%8C,,,
47138337,Junior Media Buyer,https://spb.hh.ru/vacancy/47138337?from=vacancy_search_list&query=%D0%BC%D0%BE%D0%B4%D0%B5%D0%BB%D1%8C,,,
47081077,Ювелир модельер,https://spb.hh.ru/vacancy/47081077?from=vacancy_search_list&query=%D0%BC%D0%BE%D0%B4%D0%B5%D0%BB%D1%8C,,,
46517058,Дизайнер одежды (для новорожденных),https://spb.hh.ru/vacancy/46517058?from=vacancy_search_list&query=%D0%BC%D0%BE%D0%B4%D0%B5%D0%BB%D1%8C,,,
46587020,"3D-художник (3d artist / моделер), удаленно",https://spb.hh.ru/vacancy/46587020?from=vacancy_search_list&query=%D0%BC%D0%BE%D0%B4%D0%B5%D0%BB%D1%8C,45000,90000,руб.
46760916,Бизнес ассистент руководителя,https://spb.hh.ru/vacancy/46760916?from=vacancy_search_list&query=%D0%BC%D0%BE%D0%B4%D0%B5%D0%BB%D1%8C,30000,50000,руб.
47244256,Продавец-консультант в магазин ARNY PRAHT,https://spb.hh.ru/vacancy/47244256?from=vacancy_search_list&query=%D0%BC%D0%BE%D0%B4%D0%B5%D0%BB%D1%8C,,,
46874662,Менеджер отдела планирования,https://spb.hh.ru/vacancy/46874662?from=vacancy_search_list&query=%D0%BC%D0%BE%D0%B4%D0%B5%D0%BB%D1%8C,,,
45354705,Продавец-консультант одежды (“ALBIONE&MEZZATORRE”),https://spb.hh.ru/vacancy/45354705?from=vacancy_search_list&query=%D0%BC%D0%BE%D0%B4%D0%B5%D0%BB%D1%8C,,,
46898305,Консультант\Старший консультант (Финансовое моделирование),https://spb.hh.ru/vacancy/46898305?from=vacancy_search_list&query=%D0%BC%D0%BE%D0%B4%D0%B5%D0%BB%D1%8C,,,
47017453,Продавец-консультант в Салон-галерею авторских украшений/на корнер в ТЦ Охотный ряд,https://spb.hh.ru/vacancy/47017453?from=vacancy_search_list&query=%D0%BC%D0%BE%D0%B4%D0%B5%D0%BB%D1%8C,79000,130000,руб.
47285144,Продакт-менеджер в бренде одежды для балета и спорта,https://spb.hh.ru/vacancy/47285144?from=vacancy_search_list&query=%D0%BC%D0%BE%D0%B4%D0%B5%D0%BB%D1%8C,,,
46872518,Продавец-консультант в бутик женской одежды,https://spb.hh.ru/vacancy/46872518?from=vacancy_search_list&query=%D0%BC%D0%BE%D0%B4%D0%B5%D0%BB%D1%8C,26000,42000,руб.
47243025,Генеральный Амбассадор международного фитнес бренда,https://spb.hh.ru/vacancy/47243025?from=vacancy_search_list&query=%D0%BC%D0%BE%D0%B4%D0%B5%D0%BB%D1%8C,100000,1000000,KZT
46686007,Фотограф/SMM-менеджер,https://spb.hh.ru/vacancy/46686007?from=vacancy_search_list&query=%D0%BC%D0%BE%D0%B4%D0%B5%D0%BB%D1%8C,30000,50000,руб.
46930538,"Преподаватель курса ""BIM-моделирование""",https://spb.hh.ru/vacancy/46930538?from=vacancy_search_list&query=%D0%BC%D0%BE%D0%B4%D0%B5%D0%BB%D1%8C,,,
46166525,Продавец-консультант в магазин детской обуви Котофей (ТЦ Галерея),https://spb.hh.ru/vacancy/46166525?from=vacancy_search_list&query=%D0%BC%D0%BE%D0%B4%D0%B5%D0%BB%D1%8C,,,
47109909,Товарный аналитик - женская одежда,https://spb.hh.ru/vacancy/47109909?from=vacancy_search_list&query=%D0%BC%D0%BE%D0%B4%D0%B5%D0%BB%D1%8C,,,
46574855,Продакт-менеджер в бренд одежды,https://spb.hh.ru/vacancy/46574855?from=vacancy_search_list&query=%D0%BC%D0%BE%D0%B4%D0%B5%D0%BB%D1%8C,,,
46058677,Продавец-консультант одежды,https://spb.hh.ru/vacancy/46058677?from=vacancy_search_list&query=%D0%BC%D0%BE%D0%B4%D0%B5%D0%BB%D1%8C,600,700,AZN
45354705,Продавец-консультант одежды (“ALBIONE&MEZZATORRE”),https://spb.hh.ru/vacancy/45354705?from=vacancy_search_list&query=%D0%BC%D0%BE%D0%B4%D0%B5%D0%BB%D1%8C,,,
45409975,Ювелир-модельер,https://spb.hh.ru/vacancy/45409975?from=vacancy_search_list&query=%D0%BC%D0%BE%D0%B4%D0%B5%D0%BB%D1%8C,,,
47319006,Менеджер по туризму,https://spb.hh.ru/vacancy/47319006?from=vacancy_search_list&query=%D0%BC%D0%BE%D0%B4%D0%B5%D0%BB%D1%8C,20000,200000,руб.
47307473,Аккаунт-менеджер (удаленно),https://spb.hh.ru/vacancy/47307473?from=vacancy_search_list&query=%D0%BC%D0%BE%D0%B4%D0%B5%D0%BB%D1%8C,30000,60000,руб.
45125630,Модератор отзывов / Контент-менеджер,https://spb.hh.ru/vacancy/45125630?from=vacancy_search_list&query=%D0%BC%D0%BE%D0%B4%D0%B5%D0%BB%D1%8C,40000,50000,руб.
46559093,Бизнес-трекер,https://spb.hh.ru/vacancy/46559093?from=vacancy_search_list&query=%D0%BC%D0%BE%D0%B4%D0%B5%D0%BB%D1%8C,,,
47131815,Специалист по первичной обработке фото-видео материалов,https://spb.hh.ru/vacancy/47131815?from=vacancy_search_list&query=%D0%BC%D0%BE%D0%B4%D0%B5%D0%BB%D1%8C,,,
47128675,Графический дизайнер,https://spb.hh.ru/vacancy/47128675?from=vacancy_search_list&query=%D0%BC%D0%BE%D0%B4%D0%B5%D0%BB%D1%8C,40000,55000,руб.
47306274,SMM / СММ-менеджер в клинику косметологии,https://spb.hh.ru/vacancy/47306274?from=vacancy_search_list&query=%D0%BC%D0%BE%D0%B4%D0%B5%D0%BB%D1%8C,,,
47318824,Контент-менеджер / Помощник маркетолога,https://spb.hh.ru/vacancy/47318824?from=vacancy_search_list&query=%D0%BC%D0%BE%D0%B4%D0%B5%D0%BB%D1%8C,10000,35000,руб.
46609116,Преподаватель - Мастер актерского - ораторского мастерства,https://spb.hh.ru/vacancy/46609116?from=vacancy_search_list&query=%D0%BC%D0%BE%D0%B4%D0%B5%D0%BB%D1%8C,100000,350000,KZT
47020431,Технолог-швея одежды,https://spb.hh.ru/vacancy/47020431?from=vacancy_search_list&query=%D0%BC%D0%BE%D0%B4%D0%B5%D0%BB%D1%8C,60000,70000,руб.
46700258,Дизайнер по шторам,https://spb.hh.ru/vacancy/46700258?from=vacancy_search_list&query=%D0%BC%D0%BE%D0%B4%D0%B5%D0%BB%D1%8C,20000,50000,руб.
47280810,Продавец-консультант,https://spb.hh.ru/vacancy/47280810?from=vacancy_search_list&query=%D0%BC%D0%BE%D0%B4%D0%B5%D0%BB%D1%8C,7500,30000,руб.
47022897,Преподаватель модельного агентства,https://spb.hh.ru/vacancy/47022897?from=vacancy_search_list&query=%D0%BC%D0%BE%D0%B4%D0%B5%D0%BB%D1%8C,,,
47268690,Администратор в Институт красоты,https://spb.hh.ru/vacancy/47268690?from=vacancy_search_list&query=%D0%BC%D0%BE%D0%B4%D0%B5%D0%BB%D1%8C,25000,27000,руб.
47138771,Промоутер-консультант,https://spb.hh.ru/vacancy/47138771?from=vacancy_search_list&query=%D0%BC%D0%BE%D0%B4%D0%B5%D0%BB%D1%8C,,,
46905791,Продавец-консультант в магазин одежды,https://spb.hh.ru/vacancy/46905791?from=vacancy_search_list&query=%D0%BC%D0%BE%D0%B4%D0%B5%D0%BB%D1%8C,43500,65000,руб.
43355060,Запрессовщик модельных блоков,https://spb.hh.ru/vacancy/43355060?from=vacancy_search_list&query=%D0%BC%D0%BE%D0%B4%D0%B5%D0%BB%D1%8C,,,
43885885,Дизайнер мужской одежды ТМ FUNDAY (Дизайнер),https://spb.hh.ru/vacancy/43885885?from=vacancy_search_list&query=%D0%BC%D0%BE%D0%B4%D0%B5%D0%BB%D1%8C,,,
